id,fold,y_true,negative,neutral,positive
curated-v2-0001,0,positive,0.34862059413226026,0.27300152249879917,0.37837788336894057
curated-v2-0002,0,positive,0.3430097424291033,0.2692807338892292,0.38770952368166745
curated-v2-0003,0,positive,0.34156511449174026,0.26701971978181593,0.39141516572644375
curated-v2-0008,0,negative,0.36910532237026394,0.2777663442517699,0.3531283333779662
curated-v2-0011,0,negative,0.36321239399504984,0.2610378732297861,0.375749732775164
curated-v2-0024,0,neutral,0.3515706516913223,0.2830990742497967,0.365330274058881
curated-v2-0028,0,positive,0.35862414736307263,0.2574259042041166,0.3839499484328107
curated-v2-0034,0,negative,0.367921999667803,0.2792859570658694,0.3527920432663276
curated-v2-0036,0,positive,0.35313355482500147,0.26620150357155065,0.3806649416034478
curated-v2-0038,0,neutral,0.34984112997908706,0.2586661461273819,0.39149272389353107
curated-v2-0039,0,negative,0.35754954861896693,0.27192635454465947,0.37052409683637366
curated-v2-0057,0,neutral,0.3052912518120496,0.47327021927942836,0.22143852890852206
curated-v2-0060,0,negative,0.30488216067286306,0.48236995167612,0.21274788765101707
curated-v2-0068,0,negative,0.31648744003624657,0.4577421005378225,0.22577045942593094
curated-v2-0072,0,neutral,0.3565844072534684,0.2731692280575324,0.37024636468899913
curated-v2-0073,0,neutral,0.33574330316102663,0.2744190219617804,0.3898376748771929
curated-v2-0079,0,neutral,0.3499672853846447,0.2807093129064316,0.3693234017089238
curated-v2-0089,0,negative,0.3581909180758226,0.29140273273986045,0.35040634918431707
curated-v2-0097,0,positive,0.35927542690239733,0.2427272588166682,0.39799731428093443
curated-v2-0101,0,positive,0.34359128501894065,0.2801744090461574,0.37623430593490187
curated-v2-0103,0,positive,0.3486679261593372,0.25590180492566156,0.39543026891500116
curated-v2-0104,0,positive,0.3459763287714683,0.2692822287743735,0.38474144245415826
curated-v2-0114,0,positive,0.35165882778314866,0.26315533208939546,0.3851858401274558
curated-v2-0115,0,positive,0.34094836805131784,0.2591266633868025,0.39992496856187965
curated-v2-0124,0,positive,0.3578027479058463,0.2702320859745423,0.37196516611961133
curated-v2-0126,0,negative,0.3722433245285753,0.25768808665451354,0.3700685888169112
curated-v2-0130,0,neutral,0.32897051939037586,0.30074010713942406,0.37028937347020013
curated-v2-0133,0,positive,0.35515811314688867,0.26483475043556004,0.38000713641755135
curated-v2-0140,0,positive,0.35004260949311355,0.2522647685737882,0.39769262193309834
curated-v2-0142,0,negative,0.33469938508298724,0.2650600499259424,0.4002405649910703
curated-v2-0157,0,neutral,0.35150879320758976,0.2826004446238176,0.3658907621685926
curated-v2-0160,0,negative,0.340272828157489,0.31842995099588955,0.34129722084662145
curated-v2-0162,0,positive,0.3471024572526561,0.2835216421063269,0.36937590064101694
curated-v2-0166,0,positive,0.3039504403405915,0.46402809838486,0.23202146127454862
curated-v2-0168,0,positive,0.2982065689655186,0.46533763433544495,0.23645579669903655
curated-v2-0175,0,positive,0.3546141695927625,0.25591835740090724,0.3894674730063303
curated-v2-0180,0,positive,0.3561721393314566,0.282444072541673,0.36138378812687044
curated-v2-0185,0,negative,0.3628968178113023,0.2625039176607957,0.37459926452790193
curated-v2-0198,0,negative,0.3295380203927143,0.3123504380662316,0.35811154154105407
curated-v2-0209,0,negative,0.30466509179451046,0.48306102151529867,0.21227388669019087
curated-v2-0210,0,positive,0.3384181158612076,0.2822244200780725,0.37935746406071985
curated-v2-0213,0,positive,0.3524017162671323,0.2625869620448708,0.38501132168799684
curated-v2-0216,0,positive,0.30249517078158533,0.4763566676758965,0.2211481615425181
curated-v2-0227,0,neutral,0.34876011265221923,0.25495597228262384,0.39628391506515703
curated-v2-0228,0,positive,0.3383922917935627,0.2585532955862638,0.40305441262017355
curated-v2-0232,0,neutral,0.3578373636013268,0.2660520251191736,0.37611061127949963
curated-v2-0236,0,neutral,0.3478602416501416,0.28014549562374763,0.3719942627261108
curated-v2-0249,0,negative,0.31580203995069106,0.4579423803237422,0.22625557972556676
curated-v2-0253,0,positive,0.345126347939868,0.27877628083070843,0.37609737122942355
curated-v2-0267,0,positive,0.36193755940502353,0.2564329474353904,0.3816294931595861
curated-v2-0291,0,positive,0.35987697125902063,0.2584829176960706,0.38164011104490875
curated-v2-0294,0,positive,0.3602558416368694,0.251591228463015,0.3881529299001156
curated-v2-0302,0,negative,0.3544838555871514,0.28593314318834956,0.35958300122449893
curated-v2-0312,0,neutral,0.34586221731765693,0.2847764659166438,0.3693613167656993
curated-v2-0313,0,neutral,0.33763700118948525,0.2878108198120025,0.3745521789985122
curated-v2-0320,0,neutral,0.3092366383342247,0.47776895143617437,0.21299441022960086
curated-v2-0334,0,positive,0.3441929349089226,0.25613397526431964,0.39967308982675775
curated-v2-0342,0,positive,0.35480734757354637,0.2741738678328849,0.3710187845935688
curated-v2-0351,0,neutral,0.30726860679610235,0.474704811540496,0.21802658166340175
curated-v2-0357,0,positive,0.35736438593144426,0.27080857341360154,0.3718270406549543
curated-v2-0359,0,negative,0.32057487288407566,0.29506165758571173,0.3843634695302125
curated-v2-0361,0,negative,0.35594002923830836,0.26645662655347174,0.3776033442082199
curated-v2-0365,0,negative,0.34754593264442063,0.2686938474235392,0.38376021993204024
curated-v2-0384,0,neutral,0.3464471457329357,0.2655978171787844,0.38795503708827994
curated-v2-0397,0,negative,0.3433099965494442,0.2702247273202641,0.38646527613029164
curated-v2-0399,0,negative,0.3477493578791771,0.2601662504525438,0.392084391668279
curated-v2-0400,0,negative,0.3426061607180016,0.26781721453642415,0.38957662474557425
curated-v2-0409,0,positive,0.3603397906342171,0.2697832174655038,0.36987699190027906
curated-v2-0411,0,positive,0.3479697055350781,0.269580325431078,0.38244996903384376
curated-v2-0420,0,negative,0.3611137011686823,0.2571015622650854,0.38178473656623235
curated-v2-0426,0,negative,0.36121091990305926,0.2823089651938881,0.35648011490305254
curated-v2-0450,0,positive,0.34108597199854085,0.25406214405879757,0.40485188394266153
curated-v2-0451,0,positive,0.350881802147227,0.2554290136381999,0.39368918421457305
curated-v2-0461,0,negative,0.3795377888145222,0.2587906922204082,0.3616715189650696
curated-v2-0464,0,neutral,0.3110611170407304,0.46152485961354084,0.22741402334572886
curated-v2-0468,0,negative,0.32997698674381554,0.4572337691100909,0.21278924414609374
curated-v2-0473,0,positive,0.3397829560612036,0.27451040846862207,0.3857066354701743
curated-v2-0480,0,neutral,0.36789015905614125,0.2590643288962167,0.37304551204764197
curated-v2-0490,0,positive,0.3321696628757229,0.2951134144827777,0.3727169226414993
curated-v2-0493,0,negative,0.34986717151132535,0.27070314396722184,0.37942968452145276
curated-v2-0494,0,negative,0.3357919660189434,0.3011857460759233,0.36302228790513325
curated-v2-0503,0,neutral,0.3514129501793962,0.3012681845195622,0.3473188653010415
curated-v2-0512,0,neutral,0.34144810365698447,0.3207314436633825,0.337820452679633
curated-v2-0520,0,negative,0.36395894784076527,0.26472239361063105,0.3713186585486037
curated-v2-0531,0,neutral,0.3636271945684565,0.26069873801550286,0.37567406741604065
curated-v2-0534,0,negative,0.3260021107110638,0.4604808582715983,0.21351703101733802
curated-v2-0550,0,positive,0.3644382894019236,0.27686109725644725,0.35870061334162917
curated-v2-0558,0,neutral,0.37110551307880585,0.27786037747323333,0.3510341094479608
curated-v2-0564,0,negative,0.3658502557392688,0.27154514601967983,0.36260459824105135
curated-v2-0566,0,negative,0.37907185927225334,0.261679460267635,0.3592486804601116
curated-v2-0567,0,negative,0.31923865083989256,0.46369636880919046,0.21706498035091687
curated-v2-0572,0,positive,0.32263097397493473,0.4510597489863771,0.2263092770386883
curated-v2-0573,0,positive,0.3496495769809926,0.283518019670213,0.3668324033487944
curated-v2-0576,0,positive,0.3690719782828602,0.27534447169023396,0.3555835500269059
curated-v2-0579,0,neutral,0.3276510205397726,0.31610056553800897,0.35624841392221845
curated-v2-0581,0,neutral,0.31639381874694605,0.4606383799284406,0.22296780132461338
curated-v2-0583,0,neutral,0.3027503926952108,0.47154942136676065,0.22570018593802865
curated-v2-0586,0,negative,0.3573279235736296,0.2922127224541496,0.35045935397222094
curated-v2-0594,0,positive,0.3210240148319865,0.46013344408202206,0.21884254108599138
curated-v2-0600,0,positive,0.34545915569776403,0.2592427919542496,0.3952980523479863
curated-v2-0609,0,negative,0.35342270844794055,0.2932839866695667,0.3532933048824928
curated-v2-0610,0,negative,0.3167967662593487,0.4637262268606087,0.21947700688004254
curated-v2-0611,0,negative,0.37220802590323965,0.2626494083792214,0.3651425657175391
curated-v2-0634,0,positive,0.34487355408729486,0.28010653906467176,0.3750199068480333
curated-v2-0636,0,neutral,0.36135561608858807,0.2852284088768313,0.3534159750345806
curated-v2-0645,0,negative,0.3669176214851915,0.25493321682475506,0.3781491616900534
curated-v2-0656,0,neutral,0.34960599785446095,0.28194694342207577,0.3684470587234632
curated-v2-0657,0,neutral,0.307372435416856,0.46742287008313715,0.22520469450000682
curated-v2-0658,0,neutral,0.33959300192554126,0.2819796094678128,0.3784273886066459
curated-v2-0665,0,neutral,0.30795328103384595,0.45595956904145923,0.23608714992469487
curated-v2-0682,0,neutral,0.37674672476041915,0.25130464229616045,0.3719486329434204
curated-v2-0685,0,negative,0.3766191121217855,0.2622493811497186,0.3611315067284959
curated-v2-0686,0,negative,0.3431217284239675,0.3108965109133457,0.3459817606626869
curated-v2-0692,0,neutral,0.3195244224140614,0.45871139112468584,0.22176418646125265
curated-v2-0700,0,positive,0.3495979830030328,0.26634999592740277,0.38405202106956443
curated-v2-0705,0,neutral,0.303347945192923,0.4718893330984502,0.22476272170862674
curated-v2-0706,0,neutral,0.31821129715902136,0.45890123075605804,0.2228874720849206
curated-v2-0707,0,neutral,0.3285131445810154,0.27705823811066066,0.394428617308324
curated-v2-0711,0,negative,0.3156065500932352,0.29921177988790826,0.3851816700188565
curated-v2-0713,0,negative,0.37018016011762306,0.2998908326622377,0.3299290072201393
curated-v2-0723,0,positive,0.3431981662453821,0.2694944430309935,0.38730739072362447
curated-v2-0731,0,negative,0.3449846732376053,0.3313738867443141,0.3236414400180807
curated-v2-0739,0,neutral,0.3270484367368658,0.2978627895466853,0.375088773716449
curated-v2-0744,0,negative,0.355791400799626,0.292969850369816,0.351238748830558
curated-v2-0751,0,neutral,0.35110072537217685,0.2964243798699261,0.3524748947578971
curated-v2-0763,0,neutral,0.3591505748127009,0.2816769288941635,0.3591724962931356
curated-v2-0773,0,neutral,0.35386525501965044,0.27770116782939075,0.36843357715095876
curated-v2-0790,0,negative,0.36197167947670167,0.30289125194134264,0.33513706858195563
curated-v2-0797,0,neutral,0.3525345221731116,0.28850404295963,0.3589614348672584
curated-v2-0813,0,positive,0.3701452339575564,0.2633066390492125,0.36654812699323114
curated-v2-0817,0,neutral,0.3561273107362867,0.27670970089037533,0.3671629883733379
curated-v2-0823,0,neutral,0.3318244326386548,0.26826076932809884,0.3999147980332464
curated-v2-0827,0,neutral,0.3480406231081604,0.27559179534246064,0.3763675815493788
curated-v2-0828,0,neutral,0.3593538308956989,0.2733986645397659,0.3672475045645352
curated-v2-0833,0,neutral,0.38156231657549244,0.2437526706663858,0.3746850127581218
curated-v2-0840,0,neutral,0.3585080466072471,0.2725055859544972,0.36898636743825564
curated-v2-0841,0,neutral,0.36690594326253145,0.3074326886499129,0.32566136808755564
curated-v2-0848,0,negative,0.36863411642689714,0.26871262186903494,0.362653261704068
curated-v2-0864,0,negative,0.3583828870472893,0.2822266101142302,0.3593905028384805
curated-v2-0872,0,negative,0.35806706400124605,0.25815801558989926,0.38377492040885475
curated-v2-0875,0,negative,0.37239000847243836,0.2587038322175821,0.36890615930997955
curated-v2-0891,0,neutral,0.33756739554669324,0.3154333768793657,0.34699922757394114
curated-v2-0894,0,positive,0.3439089730952797,0.26460311210788173,0.3914879147968386
curated-v2-0896,0,positive,0.3864485423640594,0.24954039153199228,0.36401106610394823
curated-v2-0004,1,positive,0.3263053481761789,0.3190311455559063,0.3546635062679149
curated-v2-0013,1,neutral,0.2986530425876278,0.3234683369087422,0.37787862050362997
curated-v2-0015,1,neutral,0.3313163854364948,0.26777852856186535,0.4009050860016398
curated-v2-0022,1,negative,0.344532714696964,0.268346914768926,0.38712037053411
curated-v2-0027,1,neutral,0.32308052055247394,0.28453083911039195,0.39238864033713416
curated-v2-0032,1,positive,0.33359729805180305,0.2712320823066226,0.39517061964157435
curated-v2-0043,1,neutral,0.32472495120494926,0.28438205776689673,0.39089299102815406
curated-v2-0048,1,neutral,0.30461605483343007,0.3483180042060354,0.34706594096053456
curated-v2-0056,1,neutral,0.28620785823527256,0.34442753815794136,0.3693646036067861
curated-v2-0059,1,neutral,0.28555962211724095,0.37609488539553504,0.33834549248722395
curated-v2-0066,1,positive,0.2936431829115632,0.36200387546314133,0.34435294162529534
curated-v2-0069,1,negative,0.2913416960072815,0.38305494255212486,0.32560336144059365
curated-v2-0082,1,neutral,0.3013185027791377,0.35385011533970495,0.3448313818811573
curated-v2-0099,1,positive,0.3319305592624583,0.29593324879782734,0.3721361919397144
curated-v2-0102,1,positive,0.3253578947156689,0.26939388637801615,0.4052482189063149
curated-v2-0106,1,negative,0.34925734276882403,0.28326912039023194,0.3674735368409439
curated-v2-0110,1,positive,0.3330254286291197,0.268620285781844,0.3983542855890362
curated-v2-0111,1,negative,0.3441215468182602,0.2551525567302451,0.4007258964514947
curated-v2-0120,1,negative,0.30788615044052675,0.30825281024017875,0.3838610393192945
curated-v2-0125,1,negative,0.3291652983595615,0.27131818022831794,0.3995165214121206
curated-v2-0131,1,positive,0.3231886252871995,0.2531014334759389,0.4237099412368617
curated-v2-0135,1,negative,0.3256011744680802,0.28923355788727323,0.3851652676446465
curated-v2-0152,1,positive,0.32101619047745905,0.29635735968857957,0.3826264498339614
curated-v2-0161,1,negative,0.32864647197692803,0.3013262270336126,0.37002730098945935
curated-v2-0194,1,neutral,0.28814469816994315,0.3423892095912827,0.36946609223877425
curated-v2-0205,1,neutral,0.2874860641085332,0.35656138666749426,0.35595254922397246
curated-v2-0212,1,neutral,0.272395695222974,0.357729725173417,0.3698745796036089
curated-v2-0224,1,negative,0.28131320352267025,0.38329112724305425,0.33539566923427533
curated-v2-0240,1,positive,0.2939108801553429,0.3483042562443794,0.35778486360027767
curated-v2-0244,1,positive,0.31442419692151213,0.31160623837817175,0.373969564700316
curated-v2-0250,1,negative,0.3429977476670886,0.3267617947217568,0.3302404576111546
curated-v2-0260,1,positive,0.3439726588753515,0.2298495506247714,0.42617779049987714
curated-v2-0261,1,positive,0.32079107002319696,0.247721752929962,0.43148717704684114
curated-v2-0265,1,neutral,0.30838671196001316,0.3170648973223118,0.3745483907176751
curated-v2-0268,1,negative,0.3278897181528419,0.2789374514687153,0.39317283037844275
curated-v2-0275,1,negative,0.3373200685209617,0.26973640428680795,0.39294352719223025
curated-v2-0282,1,positive,0.33897933178157874,0.2588043042265225,0.4022163639918987
curated-v2-0285,1,positive,0.3475422060362678,0.2659986129562359,0.3864591810074964
curated-v2-0286,1,positive,0.3295542411544147,0.277849341761041,0.39259641708454435
curated-v2-0287,1,positive,0.32585538724086965,0.292121624632844,0.3820229881262863
curated-v2-0288,1,positive,0.328751428023419,0.27223589791844127,0.39901267405813967
curated-v2-0298,1,negative,0.34520178642572635,0.25158575847724285,0.40321245509703085
curated-v2-0307,1,negative,0.32682367692805875,0.27647162374936735,0.39670469932257396
curated-v2-0308,1,negative,0.3306265421266822,0.30349257410161545,0.3658808837717023
curated-v2-0317,1,neutral,0.28951991234221164,0.353624736158926,0.35685535149886244
curated-v2-0329,1,positive,0.2717030029502857,0.36834899984031166,0.3599479972094025
curated-v2-0331,1,negative,0.3138741458592992,0.33528938283159515,0.3508364713091056
curated-v2-0333,1,positive,0.2814314248003444,0.3785687144690796,0.339999860730576
curated-v2-0337,1,positive,0.3134290255698,0.2667740328756891,0.41979694155451086
curated-v2-0343,1,positive,0.3219212427931859,0.2833455443295747,0.3947332128772395
curated-v2-0348,1,neutral,0.29771640484796685,0.3404077137732285,0.3618758813788047
curated-v2-0355,1,negative,0.30118393599716536,0.3690633211950692,0.32975274280776545
curated-v2-0363,1,negative,0.337513249267624,0.2679223839519972,0.3945643667803789
curated-v2-0381,1,neutral,0.32959174853715356,0.2837099516269831,0.38669829983586335
curated-v2-0386,1,neutral,0.3258515304887856,0.2611069278984173,0.4130415416127972
curated-v2-0404,1,negative,0.3116756394198695,0.3138374765271039,0.37448688405302666
curated-v2-0406,1,positive,0.3120518069945858,0.2883586415824313,0.39958955142298297
curated-v2-0407,1,positive,0.3275067843729393,0.2748410453303223,0.3976521702967385
curated-v2-0408,1,positive,0.3272329622803204,0.278253466289345,0.3945135714303346
curated-v2-0412,1,neutral,0.3238998226492426,0.29633506698860945,0.3797651103621479
curated-v2-0414,1,neutral,0.33335893694290286,0.2712112620357,0.3954298010213972
curated-v2-0415,1,neutral,0.310680594134511,0.29562233332198123,0.39369707254350783
curated-v2-0418,1,neutral,0.28734746399329963,0.37083531804375885,0.34181721796294157
curated-v2-0433,1,positive,0.3372903818818981,0.26166589870212814,0.4010437194159737
curated-v2-0436,1,positive,0.33409630231842236,0.27559227019302507,0.3903114274885526
curated-v2-0437,1,positive,0.30773667955884404,0.29547820173979283,0.39678511870136324
curated-v2-0438,1,positive,0.3526825506677359,0.2936001339759032,0.35371731535636086
curated-v2-0445,1,negative,0.33354639852490925,0.2794975848556848,0.38695601661940593
curated-v2-0446,1,negative,0.33633601712742855,0.261578284419059,0.4020856984535124
curated-v2-0448,1,negative,0.3481852942457191,0.24072499995901264,0.41108970579526827
curated-v2-0454,1,positive,0.3394328094571301,0.27406856492745096,0.38649862561541887
curated-v2-0462,1,negative,0.3106853607553528,0.30839932235863066,0.38091531688601654
curated-v2-0471,1,positive,0.3170640861137326,0.2920273904274412,0.3909085234588263
curated-v2-0474,1,positive,0.31552058676663935,0.2853801219241976,0.3990992913091631
curated-v2-0479,1,neutral,0.3176383224501221,0.3233223520939946,0.3590393254558833
curated-v2-0487,1,positive,0.3297920388137929,0.26713282933467364,0.4030751318515336
curated-v2-0489,1,positive,0.32525356811558276,0.2933940860238924,0.3813523458605249
curated-v2-0495,1,negative,0.3300356713445935,0.27360989915246103,0.3963544295029454
curated-v2-0500,1,neutral,0.2976176246224722,0.35364545626594773,0.34873691911157995
curated-v2-0501,1,neutral,0.29434655215740646,0.36609668692192776,0.3395567609206657
curated-v2-0517,1,neutral,0.3430065602050514,0.25839396407404247,0.3985994757209061
curated-v2-0518,1,neutral,0.3133670656843341,0.31719763949237234,0.3694352948232936
curated-v2-0521,1,negative,0.30482454516959984,0.3451480342863557,0.35002742054404445
curated-v2-0523,1,negative,0.3344166508239781,0.2922982356469345,0.3732851135290874
curated-v2-0524,1,negative,0.3159266933526287,0.35096053380150044,0.3331127728458708
curated-v2-0525,1,neutral,0.27519087936671854,0.37085264759711184,0.35395647303616967
curated-v2-0546,1,negative,0.32465244589354403,0.29827261937259447,0.3770749347338615
curated-v2-0552,1,positive,0.28629709774304907,0.3984557621628642,0.3152471400940868
curated-v2-0555,1,positive,0.2958048413139231,0.353967220547516,0.35022793813856096
curated-v2-0556,1,neutral,0.2839592699672542,0.3682114893540587,0.3478292406786872
curated-v2-0563,1,negative,0.3151589716817837,0.344332815875203,0.34050821244301327
curated-v2-0565,1,negative,0.3330846478541157,0.29958598670912173,0.3673293654367625
curated-v2-0569,1,neutral,0.3260420724443416,0.28144349608785973,0.39251443146779863
curated-v2-0575,1,positive,0.3355377000871866,0.2630171673934689,0.4014451325193445
curated-v2-0584,1,negative,0.3317708862644369,0.26152941325042567,0.4066997004851375
curated-v2-0591,1,negative,0.3366787040648248,0.32151576509248475,0.3418055308426905
curated-v2-0603,1,neutral,0.29219600098697984,0.36721240407877914,0.34059159493424107
curated-v2-0605,1,neutral,0.33031666909040874,0.27551202969464833,0.394171301214943
curated-v2-0606,1,neutral,0.28382221759020815,0.35979364721690765,0.3563841351928842
curated-v2-0629,1,negative,0.3383374795199924,0.35658485672848905,0.3050776637515186
curated-v2-0631,1,positive,0.33230847555715026,0.2650364574249264,0.4026550670179234
curated-v2-0639,1,neutral,0.29280471093578864,0.31874714646583513,0.38844814259837634
curated-v2-0643,1,negative,0.2806748297829456,0.3823746592963918,0.3369505109206625
curated-v2-0648,1,positive,0.3068797343266748,0.345692888220786,0.3474273774525391
curated-v2-0649,1,positive,0.3062656483569114,0.3454910620434224,0.3482432895996663
curated-v2-0653,1,neutral,0.3287739996676035,0.28950963465361845,0.38171636567877804
curated-v2-0654,1,neutral,0.287686691897023,0.37111451638772014,0.3411987917152568
curated-v2-0666,1,neutral,0.3279303064308412,0.27629515590781367,0.3957745376613452
curated-v2-0673,1,negative,0.33962274113729846,0.29258553390585573,0.36779172495684587
curated-v2-0681,1,neutral,0.291513866783573,0.35586465135065903,0.3526214818657678
curated-v2-0684,1,negative,0.3383458040905729,0.30999124261371663,0.3516629532957105
curated-v2-0690,1,neutral,0.29016687582034795,0.3591621875734879,0.3506709366061642
curated-v2-0697,1,positive,0.30864110919933346,0.3008664406985883,0.3904924501020782
curated-v2-0702,1,positive,0.2839430168367725,0.37579621331134405,0.34026076985188347
curated-v2-0703,1,positive,0.2983667491177836,0.34572089274535756,0.35591235813685884
curated-v2-0717,1,negative,0.28631718565385467,0.3687396943331884,0.344943120012957
curated-v2-0724,1,positive,0.276402566467901,0.37538406897450205,0.34821336455759694
curated-v2-0733,1,negative,0.34144877878652574,0.2758899013743066,0.38266131983916774
curated-v2-0735,1,negative,0.2915379559910985,0.3448390965369308,0.36362294747197077
curated-v2-0738,1,positive,0.32265321431703803,0.34688074990802076,0.3304660357749412
curated-v2-0745,1,positive,0.32798212603148325,0.29213205385392793,0.3798858201145888
curated-v2-0758,1,positive,0.3278460432559388,0.31400336628275577,0.3581505904613055
curated-v2-0767,1,neutral,0.3257580752176301,0.2810417775817987,0.3932001472005712
curated-v2-0775,1,neutral,0.32401153732591953,0.25676634664184544,0.41922211603223497
curated-v2-0776,1,negative,0.34042638652216495,0.2508538605727467,0.40871975290508833
curated-v2-0779,1,negative,0.2949847750179762,0.3685738247340631,0.3364414002479607
curated-v2-0805,1,positive,0.290931044325631,0.31522974812926413,0.3938392075451048
curated-v2-0816,1,neutral,0.2907123952384091,0.38234420470793534,0.3269434000536557
curated-v2-0819,1,neutral,0.28631900796102655,0.40545382377447,0.30822716826450336
curated-v2-0822,1,neutral,0.3072098758061125,0.33139343504927127,0.3613966891446163
curated-v2-0838,1,neutral,0.2640253125423974,0.422168840907153,0.31380584655044963
curated-v2-0846,1,neutral,0.30800049532440116,0.3625147845236547,0.32948472015194413
curated-v2-0851,1,negative,0.3101724725003637,0.3140059173726281,0.3758216101270082
curated-v2-0852,1,negative,0.31934431129238,0.3236613007081405,0.3569943879994795
curated-v2-0858,1,negative,0.3092112355524635,0.33791699496942057,0.352871769478116
curated-v2-0859,1,negative,0.32463870386381705,0.3237890380242059,0.35157225811197707
curated-v2-0866,1,negative,0.2948806578921442,0.34430881982010253,0.36081052228775334
curated-v2-0871,1,negative,0.3204858092030926,0.3411983171086021,0.33831587368830524
curated-v2-0874,1,negative,0.3059914029652943,0.33924728947259236,0.3547613075621134
curated-v2-0880,1,neutral,0.31151037412352894,0.33411516603309427,0.3543744598433767
curated-v2-0882,1,neutral,0.297139038985921,0.3645515424784531,0.33830941853562585
curated-v2-0889,1,neutral,0.2920711743512584,0.3306520897448306,0.3772767359039111
curated-v2-0890,1,neutral,0.31359127607041315,0.35350671508558706,0.33290200884399973
curated-v2-0897,1,positive,0.2985468219405864,0.3720240550276977,0.3294291230317159
curated-v2-0000,2,positive,0.1532562596562725,0.3588632864071337,0.4878804539365938
curated-v2-0009,2,negative,0.57793737710091,0.2695214922759609,0.15254113062312918
curated-v2-0021,2,positive,0.08850078893811224,0.2776814521983293,0.6338177588635584
curated-v2-0023,2,negative,0.497817537148872,0.36904449239557846,0.1331379704555496
curated-v2-0025,2,positive,0.15828265441248718,0.36546641199605623,0.47625093359145665
curated-v2-0029,2,neutral,0.23412869727003394,0.40771094390662865,0.3581603588233374
curated-v2-0049,2,neutral,0.17468153987849874,0.6135809481389908,0.21173751198251053
curated-v2-0050,2,neutral,0.40073416794319217,0.47218024356045474,0.12708558849635312
curated-v2-0053,2,negative,0.5612018957220665,0.33748997437879297,0.10130812989914055
curated-v2-0055,2,positive,0.14000013198736436,0.619521900831273,0.24047796718136266
curated-v2-0058,2,neutral,0.1556477057483887,0.6231593024186163,0.22119299183299496
curated-v2-0067,2,negative,0.6736822877275012,0.20798493471693827,0.11833277755556064
curated-v2-0071,2,neutral,0.21708956392118375,0.5690299404869619,0.21388049559185435
curated-v2-0074,2,neutral,0.1305414240293669,0.5117834259737172,0.35767514999691596
curated-v2-0076,2,negative,0.24698051480972957,0.5214554787287129,0.23156400646155753
curated-v2-0077,2,positive,0.1047476303937633,0.40399700017821066,0.49125536942802595
curated-v2-0078,2,negative,0.7044467995371338,0.21542845902260727,0.08012474144025877
curated-v2-0088,2,positive,0.09877294712214765,0.3511221959821444,0.550104856895708
curated-v2-0090,2,positive,0.2442119470152164,0.2810176118327615,0.47477044115202216
curated-v2-0094,2,neutral,0.0938669402578205,0.47114198375118627,0.4349910759909932
curated-v2-0100,2,negative,0.49046200996900957,0.3598824721371286,0.1496555178938617
curated-v2-0116,2,positive,0.09188348844647386,0.2881279479803287,0.6199885635731974
curated-v2-0122,2,positive,0.09637099071965871,0.27490429079661743,0.6287247184837239
curated-v2-0127,2,negative,0.13265385279925193,0.3961279502014835,0.4712181969992646
curated-v2-0129,2,neutral,0.11471161198015156,0.4581455286789734,0.427142859340875
curated-v2-0134,2,positive,0.1027671181292015,0.4040772466639925,0.49315563520680594
curated-v2-0136,2,negative,0.6699048228459116,0.18207182859726398,0.1480233485568244
curated-v2-0145,2,positive,0.6194665393109384,0.24338744212112395,0.13714601856793765
curated-v2-0151,2,positive,0.08004955451822057,0.3281709121361108,0.5917795333456686
curated-v2-0159,2,neutral,0.09846394142783924,0.3728713198149597,0.5286647387572011
curated-v2-0167,2,negative,0.412440098008375,0.4202668246742856,0.16729307731733933
curated-v2-0169,2,positive,0.1172132088180934,0.3421200046163459,0.5406667865655608
curated-v2-0170,2,negative,0.6443782440263928,0.22225664309423762,0.13336511287936959
curated-v2-0173,2,negative,0.6424374284967721,0.25841423465542945,0.09914833684779849
curated-v2-0176,2,negative,0.3462059972260501,0.5142892851577285,0.13950471761622144
curated-v2-0186,2,positive,0.10548474542415316,0.28273151746666925,0.6117837371091776
curated-v2-0193,2,neutral,0.32485374268338574,0.5446921439912252,0.130454113325389
curated-v2-0197,2,positive,0.3785909873292032,0.47231580464166817,0.14909320802912865
curated-v2-0202,2,negative,0.40824258004178304,0.4526562652188673,0.1391011547393497
curated-v2-0208,2,positive,0.1882042794102284,0.5960711247493778,0.21572459584039377
curated-v2-0214,2,neutral,0.26069875059120257,0.5342013110881807,0.20509993832061682
curated-v2-0217,2,negative,0.41011524538744476,0.44648202592173203,0.14340272869082324
curated-v2-0222,2,neutral,0.1530682781428017,0.5793685315449012,0.26756319031229725
curated-v2-0223,2,positive,0.15506073376542542,0.4113328778317248,0.4336063884028499
curated-v2-0225,2,positive,0.12819641253406222,0.4420206186377465,0.42978296882819117
curated-v2-0229,2,negative,0.5931600474243811,0.28256754693478675,0.12427240564083201
curated-v2-0233,2,positive,0.4279859889688609,0.39824562955947995,0.17376838147165916
curated-v2-0234,2,negative,0.5841713716685353,0.30585149015639623,0.10997713817506857
curated-v2-0256,2,negative,0.6995223005625777,0.20384613065551732,0.09663156878190492
curated-v2-0259,2,negative,0.15290337818406052,0.489976283060493,0.3571203387554464
curated-v2-0270,2,neutral,0.08653398128211243,0.3092712812569954,0.6041947374608923
curated-v2-0271,2,positive,0.09296828401936537,0.33446486625641825,0.5725668497242165
curated-v2-0274,2,neutral,0.27768020388025394,0.43599988552018787,0.28631991059955825
curated-v2-0276,2,positive,0.08624939209714294,0.2683066929929196,0.6454439149099376
curated-v2-0283,2,positive,0.1230504418520185,0.422210719160578,0.4547388389874034
curated-v2-0296,2,negative,0.24300039844296598,0.41563449118561285,0.3413651103714212
curated-v2-0304,2,negative,0.11967706945838764,0.4222253663415722,0.45809756420004
curated-v2-0310,2,neutral,0.08385276350510128,0.3132669208862251,0.6028803156086736
curated-v2-0316,2,neutral,0.10483688448634007,0.4730691624712621,0.42209395304239783
curated-v2-0327,2,negative,0.6400127871853617,0.2629815451691635,0.09700566764547486
curated-v2-0330,2,positive,0.10930858091046035,0.5328070094282131,0.3578844096613265
curated-v2-0336,2,positive,0.07997686261198975,0.34444776507034264,0.5755753723176676
curated-v2-0340,2,positive,0.0775060650964007,0.29012227779121935,0.6323716571123799
curated-v2-0356,2,positive,0.08154972294957549,0.2782636063762871,0.6401866706741374
curated-v2-0358,2,neutral,0.10803002164909348,0.3500045925968921,0.5419653857540144
curated-v2-0360,2,negative,0.07986475227875614,0.2405736447571573,0.6795616029640865
curated-v2-0369,2,negative,0.5456830843911594,0.3085200739836445,0.1457968416251961
curated-v2-0370,2,negative,0.6817295818250537,0.2232653778138544,0.09500504036109197
curated-v2-0372,2,positive,0.10565037865660146,0.3232090704039865,0.571140550939412
curated-v2-0375,2,positive,0.09000054659098644,0.32740488305860144,0.5825945703504121
curated-v2-0377,2,positive,0.27568961460333297,0.2734774059057538,0.4508329794909132
curated-v2-0390,2,negative,0.7220339100493839,0.191647182222532,0.08631890772808427
curated-v2-0392,2,negative,0.6357105581750974,0.26560272127769396,0.09868672054720871
curated-v2-0395,2,negative,0.7299127536163139,0.15352186197190934,0.11656538441177673
curated-v2-0401,2,negative,0.07961273868361161,0.32837830125398093,0.5920089600624076
curated-v2-0416,2,neutral,0.3569893406752902,0.4686239572111371,0.17438670211357282
curated-v2-0419,2,neutral,0.4374639002262014,0.44197269089988855,0.12056340887390993
curated-v2-0425,2,negative,0.6422661004085124,0.25390575469344245,0.10382814489804516
curated-v2-0427,2,negative,0.5051377003269741,0.3433405005011946,0.1515217991718313
curated-v2-0428,2,negative,0.4843277416600531,0.3763669371236095,0.13930532121633726
curated-v2-0441,2,negative,0.6123588866988456,0.27774394561816546,0.10989716768298888
curated-v2-0459,2,negative,0.19229445601081968,0.430705390070718,0.37700015391846237
curated-v2-0463,2,positive,0.088309882974733,0.2514716596242899,0.6602184574009771
curated-v2-0466,2,neutral,0.15354442267574042,0.5958249732834077,0.2506306040408519
curated-v2-0467,2,negative,0.3386735102402656,0.5233326012202195,0.137993888539515
curated-v2-0475,2,positive,0.08692885872547548,0.2580802570371768,0.6549908842373476
curated-v2-0481,2,neutral,0.13256031776073532,0.6096692984517985,0.2577703837874661
curated-v2-0482,2,neutral,0.1859406346573901,0.6080407528200303,0.20601861252257947
curated-v2-0483,2,positive,0.08522659136939167,0.2338577219259787,0.6809156867046297
curated-v2-0505,2,positive,0.45550297308251614,0.3282266874179136,0.2162703394995702
curated-v2-0530,2,neutral,0.23402238485630833,0.5695354732945488,0.19644214184914288
curated-v2-0554,2,positive,0.08921112386839695,0.3637705519080515,0.5470183242235516
curated-v2-0560,2,neutral,0.10805480115717542,0.44853125203252725,0.44341394681029733
curated-v2-0574,2,positive,0.09955494204939569,0.30355956065678996,0.5968854972938143
curated-v2-0582,2,neutral,0.6390813416221509,0.21762235272955735,0.1432963056482917
curated-v2-0590,2,negative,0.7106765963037236,0.1868907290495175,0.10243267464675898
curated-v2-0592,2,negative,0.5722056449043945,0.3219986245517702,0.10579573054383531
curated-v2-0598,2,positive,0.09661072355495585,0.24542754140944456,0.6579617350355996
curated-v2-0599,2,positive,0.09598472991757101,0.39590777905423846,0.5081074910281904
curated-v2-0601,2,neutral,0.21412750144686143,0.5846937701349364,0.20117872841820209
curated-v2-0607,2,neutral,0.15700435187563855,0.5762643478564929,0.2667313002678687
curated-v2-0613,2,negative,0.6559517553952932,0.2582578065984527,0.08579043800625397
curated-v2-0618,2,positive,0.09038573266831874,0.3488605834294341,0.5607536839022471
curated-v2-0628,2,negative,0.6765986237834682,0.19608590062260364,0.127315475593928
curated-v2-0632,2,positive,0.13798095439257627,0.41344635553350784,0.44857269007391587
curated-v2-0635,2,neutral,0.39555208558828325,0.4787604858588392,0.12568742855287757
curated-v2-0646,2,negative,0.7322051683323305,0.15578133689865578,0.11201349476901375
curated-v2-0664,2,neutral,0.13116188004200768,0.5653074745314058,0.3035306454265866
curated-v2-0667,2,neutral,0.12439480495296086,0.45948258611123377,0.41612260893580544
curated-v2-0668,2,neutral,0.46765847683425066,0.38647394421306946,0.1458675789526799
curated-v2-0671,2,negative,0.7254459827266745,0.1884600830945284,0.08609393417879718
curated-v2-0674,2,neutral,0.16799511572028872,0.6004122763558877,0.23159260792382358
curated-v2-0678,2,neutral,0.14854072906038435,0.5438702747604137,0.3075889961792018
curated-v2-0679,2,neutral,0.10590908886415139,0.45446642688212396,0.43962448425372463
curated-v2-0680,2,neutral,0.5057551550562045,0.37096812610480856,0.12327671883898696
curated-v2-0689,2,neutral,0.12288583786336146,0.5332707209367838,0.34384344119985477
curated-v2-0699,2,positive,0.07880979893003164,0.3049246463047167,0.6162655547652516
curated-v2-0709,2,neutral,0.1684287935230138,0.60020125455544,0.23136995192154616
curated-v2-0712,2,negative,0.0940037899993042,0.34841478967454975,0.557581420326146
curated-v2-0719,2,positive,0.08766554520262196,0.2739884181113092,0.6383460366860688
curated-v2-0727,2,neutral,0.12617352025083167,0.5317293753195422,0.34209710442962604
curated-v2-0728,2,neutral,0.13093099925228696,0.4649846738322942,0.40408432691541885
curated-v2-0734,2,negative,0.7382849994371739,0.17029514064115497,0.0914198599216711
curated-v2-0754,2,negative,0.37343896151230604,0.4076965399005319,0.21886449858716203
curated-v2-0755,2,negative,0.7315140380655049,0.17869716955366577,0.08978879238082939
curated-v2-0780,2,negative,0.724915586451978,0.17654567586393857,0.09853873768408346
curated-v2-0783,2,neutral,0.16466084994428087,0.6099995479923183,0.2253396020634009
curated-v2-0789,2,neutral,0.5362014925007503,0.36547914839431894,0.09831935910493071
curated-v2-0791,2,positive,0.10356976904376974,0.30765856098685185,0.5887716699693785
curated-v2-0796,2,neutral,0.11312424328435121,0.4133873927535026,0.4734883639621463
curated-v2-0799,2,negative,0.1440335366878796,0.40861393068539775,0.44735253262672275
curated-v2-0809,2,positive,0.08863095037021508,0.2564699852427274,0.6548990643870575
curated-v2-0810,2,positive,0.1373254950779422,0.30339415974905126,0.5592803451730065
curated-v2-0811,2,positive,0.14468290883274523,0.47741788111928685,0.37789921004796784
curated-v2-0812,2,positive,0.09519900522186828,0.37615185438132936,0.5286491403968023
curated-v2-0820,2,neutral,0.1684635803601374,0.6154624171081233,0.21607400253173922
curated-v2-0824,2,neutral,0.6241843640793788,0.2861564111392163,0.08965922478140484
curated-v2-0825,2,neutral,0.4690659755099537,0.4183178198377309,0.11261620465231546
curated-v2-0826,2,neutral,0.1602124247780642,0.558923330100027,0.2808642451219087
curated-v2-0854,2,negative,0.7171648416318797,0.18940447739942945,0.09343068096869085
curated-v2-0884,2,neutral,0.12880844624076954,0.5047428260295198,0.3664487277297107
curated-v2-0887,2,neutral,0.20645708470600516,0.6111226323732907,0.18242028292070417
curated-v2-0892,2,positive,0.1256632823634009,0.32634387958043143,0.5479928380561677
curated-v2-0895,2,positive,0.10557005367697644,0.3648057363884635,0.5296242099345599
curated-v2-0017,3,neutral,0.2138408753918518,0.21667873209189437,0.5694803925162539
curated-v2-0033,3,positive,0.1843832759429672,0.2380278553972298,0.5775888686598031
curated-v2-0037,3,neutral,0.36984339417655426,0.24576806126844258,0.3843885445550031
curated-v2-0040,3,positive,0.24885932181207068,0.21502828983567565,0.5361123883522536
curated-v2-0041,3,neutral,0.5042300430652341,0.19382930703026632,0.30194064990449965
curated-v2-0046,3,neutral,0.22135567055185137,0.5373951480134299,0.24124918143471868
curated-v2-0047,3,neutral,0.22542292583667775,0.472351967698351,0.3022251064649712
curated-v2-0051,3,positive,0.22298081215491028,0.5040923834322596,0.27292680441283007
curated-v2-0061,3,negative,0.19901939596017934,0.5403308212856811,0.2606497827541396
curated-v2-0062,3,positive,0.3183093965385321,0.3450474051590089,0.33664319830245915
curated-v2-0065,3,positive,0.1877635379266715,0.28138086723297223,0.5308555948403563
curated-v2-0075,3,positive,0.5080099098305599,0.19277174378490902,0.29921834638453104
curated-v2-0080,3,positive,0.25998423841408325,0.32257954837872405,0.41743621320719276
curated-v2-0084,3,neutral,0.18877626845245332,0.29882776141307577,0.5123959701344709
curated-v2-0095,3,positive,0.18784860320522637,0.24348023051161974,0.5686711662831538
curated-v2-0098,3,neutral,0.22765149969978007,0.36042669942752564,0.4119218008726942
curated-v2-0108,3,positive,0.18742749536951475,0.22214136406030469,0.5904311405701805
curated-v2-0113,3,negative,0.22935776512155628,0.23200471318816196,0.5386375216902818
curated-v2-0123,3,positive,0.25705678560853934,0.23768062851802202,0.5052625858734386
curated-v2-0144,3,neutral,0.1905564418197723,0.3487371722533139,0.46070638592691376
curated-v2-0154,3,positive,0.20826583703720383,0.26481982824884176,0.5269143347139544
curated-v2-0164,3,positive,0.2281125461333742,0.34799997634644425,0.42388747752018163
curated-v2-0165,3,positive,0.1817531232533331,0.2168936438973276,0.6013532328493394
curated-v2-0171,3,positive,0.1930082279750231,0.2579673219129064,0.5490244501120705
curated-v2-0172,3,positive,0.34899207636744267,0.30715374260023975,0.3438541810323175
curated-v2-0179,3,negative,0.2592640168932539,0.23528581620654287,0.5054501669002033
curated-v2-0182,3,positive,0.17789065277557475,0.2587030218495777,0.5634063253748476
curated-v2-0188,3,negative,0.3083762772927345,0.4516798122720354,0.23994391043523003
curated-v2-0196,3,neutral,0.19545713535838025,0.54311101967354,0.26143184496807975
curated-v2-0207,3,negative,0.20450113085869961,0.5046644827312743,0.2908343864100261
curated-v2-0226,3,negative,0.41470011388092554,0.3725070028257724,0.2127928832933019
curated-v2-0230,3,positive,0.28037075795038335,0.4556981489410871,0.2639310931085295
curated-v2-0231,3,negative,0.2882776931138903,0.5003692605369471,0.2113530463491626
curated-v2-0237,3,positive,0.1901099321215055,0.40108947263850303,0.4088005952399914
curated-v2-0239,3,negative,0.3509692246909453,0.46871981535582324,0.18031095995323154
curated-v2-0241,3,neutral,0.23456093198323583,0.424113262571549,0.34132580544521507
curated-v2-0247,3,neutral,0.54364251814383,0.2648208643529619,0.1915366175032081
curated-v2-0255,3,positive,0.24781374330717884,0.19692422902404227,0.5552620276687789
curated-v2-0263,3,positive,0.22526286077748936,0.1883060889704453,0.5864310502520654
curated-v2-0279,3,positive,0.1756822349589537,0.2144111921445998,0.6099065728964466
curated-v2-0280,3,negative,0.5224114751943433,0.24658903429056694,0.2309994905150897
curated-v2-0289,3,positive,0.1662536496037415,0.35337964199893046,0.480366708397328
curated-v2-0305,3,negative,0.45925419912481386,0.2654392747163943,0.2753065261587918
curated-v2-0306,3,negative,0.5632595299051175,0.2109891910501511,0.22575127904473147
curated-v2-0314,3,neutral,0.16737385067069346,0.27300435561620157,0.5596217937131049
curated-v2-0322,3,neutral,0.21922747963504768,0.5015717305937559,0.27920078977119656
curated-v2-0325,3,negative,0.3721288263313723,0.45294617742373594,0.17492499624489166
curated-v2-0328,3,neutral,0.5157278416424294,0.2438208367209415,0.24045132163662924
curated-v2-0332,3,negative,0.4682640346276878,0.3437832313378293,0.18795273403448293
curated-v2-0335,3,positive,0.20260954878666068,0.18642495439605672,0.6109654968172825
curated-v2-0345,3,neutral,0.16995521905765018,0.3399410736274609,0.4901037073148889
curated-v2-0353,3,positive,0.17991778538644343,0.37759908327787917,0.44248313133567746
curated-v2-0354,3,neutral,0.22581926367634858,0.4547219498649485,0.3194587864587029
curated-v2-0362,3,negative,0.5620955314778442,0.20223998229397677,0.23566448622817898
curated-v2-0367,3,negative,0.24125101366680635,0.18905983039023322,0.5696891559429605
curated-v2-0371,3,positive,0.18806117381169565,0.21164944929794038,0.600289376890364
curated-v2-0373,3,positive,0.2067337449740136,0.22468145921696123,0.5685847958090251
curated-v2-0374,3,positive,0.1787909644409351,0.21102757484168805,0.6101814607173768
curated-v2-0385,3,neutral,0.15024702880301885,0.3020474187732173,0.5477055524237638
curated-v2-0387,3,neutral,0.1899761368389215,0.4198372846400124,0.39018657852106614
curated-v2-0389,3,neutral,0.20564616037418693,0.5549249087648542,0.23942893086095876
curated-v2-0396,3,negative,0.6448813944064704,0.14875037125369553,0.20636823433983395
curated-v2-0402,3,negative,0.439566780202593,0.215855242803222,0.3445779769941851
curated-v2-0413,3,neutral,0.2113795614819374,0.20412718953098155,0.584493248987081
curated-v2-0429,3,negative,0.5609537680464168,0.21273217922916593,0.22631405272441718
curated-v2-0447,3,negative,0.3432081770287061,0.33433821859624363,0.3224536043750504
curated-v2-0449,3,positive,0.18534342820584818,0.3455071049360792,0.46914946685807263
curated-v2-0452,3,positive,0.1736281962199295,0.2215323333688551,0.6048394704112154
curated-v2-0453,3,positive,0.1815901084370841,0.18891605764856217,0.6294938339143538
curated-v2-0457,3,negative,0.6148906125324356,0.19029829670530266,0.19481109076226164
curated-v2-0469,3,positive,0.16471492052964257,0.3449757200008893,0.49030935946946813
curated-v2-0476,3,neutral,0.5321185680916865,0.24382989463887186,0.22405153726944158
curated-v2-0486,3,negative,0.5556343671438769,0.21774897026705814,0.22661666258906488
curated-v2-0498,3,positive,0.17381924696968104,0.26754569196144834,0.5586350610688706
curated-v2-0504,3,negative,0.5836739385450185,0.26889422547768393,0.14743183597729762
curated-v2-0506,3,neutral,0.37348557720335157,0.4091934316756926,0.2173209911209558
curated-v2-0515,3,neutral,0.21296333387016156,0.2946546971176842,0.4923819690121543
curated-v2-0522,3,negative,0.4402699646671715,0.24412158860671945,0.31560844672610905
curated-v2-0527,3,neutral,0.2729128642602767,0.49153417634588137,0.23555295939384194
curated-v2-0529,3,neutral,0.2699958951667094,0.35972254476953536,0.3702815600637553
curated-v2-0533,3,negative,0.559055997960358,0.23643041593307437,0.20451358610656756
curated-v2-0535,3,negative,0.5275295313311751,0.20734145114237484,0.26512901752645
curated-v2-0536,3,negative,0.5347657456728794,0.2657968015112094,0.19943745281591116
curated-v2-0542,3,neutral,0.2035000653711586,0.39533314959320826,0.4011667850356332
curated-v2-0545,3,negative,0.38968230643064306,0.4154227398551358,0.19489495371422114
curated-v2-0549,3,negative,0.6177273728547631,0.1798567133836099,0.20241591376162701
curated-v2-0553,3,positive,0.22745137494423387,0.2281187134636074,0.5444299115921587
curated-v2-0561,3,neutral,0.19822448795903055,0.5225070346926828,0.2792684773482867
curated-v2-0577,3,positive,0.19255564604250167,0.46270706583819243,0.344737288119306
curated-v2-0578,3,neutral,0.3167535160558245,0.47025049514248407,0.21299598880169146
curated-v2-0587,3,negative,0.5894079930012496,0.20664925345337337,0.2039427535453771
curated-v2-0608,3,negative,0.6351558288120037,0.1894553869265768,0.17538878426141952
curated-v2-0617,3,positive,0.5225460544221822,0.28962723922516564,0.18782670635265217
curated-v2-0622,3,neutral,0.26075792812012494,0.3188736334952396,0.4203684383846355
curated-v2-0623,3,neutral,0.3169185812777497,0.4235423226062143,0.259539096116036
curated-v2-0630,3,positive,0.21262086006029712,0.18800408755559525,0.5993750523841077
curated-v2-0638,3,neutral,0.3088628129659045,0.29129870946553355,0.39983847756856195
curated-v2-0640,3,neutral,0.18847878354818925,0.4376916833896835,0.3738295330621273
curated-v2-0652,3,neutral,0.18748026990371355,0.4475511353805424,0.364968594715744
curated-v2-0655,3,neutral,0.3048822653831374,0.3329726826635704,0.36214505195329216
curated-v2-0662,3,negative,0.5454345351911722,0.23050087632102334,0.2240645884878044
curated-v2-0663,3,negative,0.37296149572345993,0.4663161593248578,0.16072234495168217
curated-v2-0670,3,negative,0.6117629720376146,0.1527266304800507,0.23551039748233463
curated-v2-0672,3,negative,0.4599074599476453,0.3257452477475181,0.21434729230483657
curated-v2-0677,3,neutral,0.2063013768107817,0.3092081056444579,0.48449051754476047
curated-v2-0688,3,positive,0.2661303996488725,0.2578165103370948,0.4760530900140328
curated-v2-0695,3,negative,0.6175019354028194,0.15920830716805792,0.22328975742912274
curated-v2-0696,3,negative,0.39152124311510356,0.3977839089153951,0.2106948479695013
curated-v2-0701,3,positive,0.24552482340844525,0.2104190841327012,0.5440560924588536
curated-v2-0704,3,positive,0.15682991053047657,0.3026852794250465,0.5404848100444769
curated-v2-0708,3,neutral,0.4865023875697777,0.16670018297473244,0.34679742945548986
curated-v2-0716,3,negative,0.589926541855432,0.2009575570775103,0.20911590106705777
curated-v2-0720,3,positive,0.2743018667986122,0.20079380183965911,0.5249043313617286
curated-v2-0722,3,positive,0.3000816447500738,0.3877542355763201,0.312164119673606
curated-v2-0730,3,negative,0.23357514045563965,0.18853250410089392,0.5778923554434665
curated-v2-0747,3,positive,0.4976830830408799,0.15500534322792753,0.3473115737311925
curated-v2-0748,3,neutral,0.21536785476091075,0.4645858421258985,0.32004630311319066
curated-v2-0750,3,neutral,0.1617273495510714,0.3731466329421132,0.4651260175068154
curated-v2-0761,3,neutral,0.25959314791247007,0.4425001418460196,0.2979067102415103
curated-v2-0768,3,neutral,0.5217667252109897,0.2398171724138763,0.2384161023751341
curated-v2-0770,3,neutral,0.18821690513707448,0.4384729724331418,0.37331012242978384
curated-v2-0777,3,negative,0.6290649681234853,0.1817324082070719,0.18920262366944268
curated-v2-0778,3,negative,0.3640048001185582,0.23963987354601046,0.39635532633543136
curated-v2-0784,3,negative,0.5716546542221466,0.23184504461595462,0.19650030116189882
curated-v2-0786,3,positive,0.23765573067717155,0.27088178058721807,0.4914624887356105
curated-v2-0792,3,negative,0.6158745509497698,0.15435485875054772,0.2297705902996824
curated-v2-0795,3,neutral,0.2770765342656695,0.489530416063184,0.23339304967114646
curated-v2-0800,3,positive,0.1764477877192536,0.1862750288041885,0.6372771834765579
curated-v2-0806,3,positive,0.22850664254798644,0.2981425565697779,0.47335080088223563
curated-v2-0807,3,positive,0.1939997143218998,0.32089759943254337,0.48510268624555686
curated-v2-0814,3,positive,0.17702157554210535,0.22791144804332453,0.5950669764145702
curated-v2-0836,3,neutral,0.1992799351884296,0.3681012391289149,0.4326188256826555
curated-v2-0844,3,neutral,0.20089647261348323,0.4134222224996879,0.38568130488682884
curated-v2-0845,3,neutral,0.5820292525636379,0.2523526084150996,0.1656181390212625
curated-v2-0847,3,neutral,0.18334344296455926,0.42317546873256745,0.3934810883028733
curated-v2-0849,3,negative,0.6394811110814737,0.1674306428450745,0.1930882460734519
curated-v2-0850,3,negative,0.6351294832820821,0.16710524285474473,0.19776527386317325
curated-v2-0860,3,negative,0.6347497993101228,0.17433776161164105,0.1909124390782361
curated-v2-0862,3,negative,0.3337216662377038,0.17062529734158022,0.49565303642071606
curated-v2-0868,3,negative,0.43807956698429035,0.2975705340361621,0.2643498989795475
curated-v2-0873,3,negative,0.620448719371419,0.19551904683320942,0.1840322337953717
curated-v2-0881,3,neutral,0.19723878772700126,0.2716913230094868,0.531069889263512
curated-v2-0888,3,neutral,0.19143975368129063,0.4127671794299415,0.39579306688876786
curated-v2-0893,3,positive,0.20671044037245748,0.3535415806791645,0.4397479789483781
curated-v2-0012,4,negative,0.6590562759467405,0.19193683791355087,0.14900688613970853
curated-v2-0014,4,neutral,0.1580453798777172,0.3357481113134013,0.5062065088088815
curated-v2-0020,4,positive,0.14830910403382622,0.24885658372723352,0.6028343122389402
curated-v2-0030,4,positive,0.40877666077498687,0.25480860512961107,0.33641473409540207
curated-v2-0035,4,neutral,0.28297937338984724,0.3649975389661306,0.3520230876440221
curated-v2-0042,4,positive,0.14257024380168412,0.29051672322547967,0.5669130329728362
curated-v2-0054,4,negative,0.2620190614045261,0.5493708420381623,0.1886100965573116
curated-v2-0085,4,negative,0.1943171365348001,0.30203158192701574,0.5036512815381842
curated-v2-0086,4,positive,0.16518760437904587,0.29397591431131304,0.5408364813096411
curated-v2-0087,4,positive,0.6060721018438573,0.19131528751067692,0.20261261064546585
curated-v2-0093,4,positive,0.333771653456508,0.26272496424163005,0.40350338230186206
curated-v2-0096,4,negative,0.5958961176165526,0.237900724320593,0.16620315806285443
curated-v2-0107,4,positive,0.17591159991647756,0.2702049687207317,0.5538834313627907
curated-v2-0112,4,negative,0.6580069597978784,0.18600764482807935,0.15598539537404216
curated-v2-0117,4,positive,0.15804197369155665,0.27504584763953177,0.5669121786689116
curated-v2-0118,4,negative,0.568148632401357,0.2269338242557163,0.20491754334292675
curated-v2-0128,4,neutral,0.2363233719222083,0.37242477514829675,0.391251852929495
curated-v2-0138,4,positive,0.1607935375875751,0.2947174683165825,0.5444889940958423
curated-v2-0141,4,positive,0.17899860908622506,0.3350263180324041,0.48597507288137093
curated-v2-0146,4,positive,0.16678603653910914,0.2892730212359529,0.5439409422249379
curated-v2-0150,4,negative,0.535296349278132,0.24210305586047834,0.2226005948613897
curated-v2-0156,4,neutral,0.1444772983157942,0.28910413181438444,0.5664185698698214
curated-v2-0158,4,positive,0.5475325728153649,0.2569524869002149,0.1955149402844203
curated-v2-0163,4,negative,0.5946725910008727,0.24107737027670673,0.16425003872242067
curated-v2-0177,4,neutral,0.16592661555603655,0.3578014533013395,0.476271931142624
curated-v2-0183,4,neutral,0.24279580885056354,0.34970332307379437,0.407500868075642
curated-v2-0184,4,positive,0.17336027434343565,0.30195696489488005,0.5246827607616843
curated-v2-0189,4,negative,0.37080224043694954,0.45415005674993775,0.1750477028131127
curated-v2-0190,4,positive,0.19470470132943923,0.5397010140930872,0.2655942845774735
curated-v2-0199,4,positive,0.20100640682705284,0.5541840980874221,0.24480949508552508
curated-v2-0201,4,positive,0.1579427320917254,0.5780126726653431,0.2640445952429315
curated-v2-0203,4,neutral,0.1661596755647553,0.5958856798851226,0.23795464455012202
curated-v2-0204,4,positive,0.17267292131747677,0.6056377222779563,0.22168935640456686
curated-v2-0215,4,neutral,0.1970295754427236,0.5889401406713037,0.2140302838859727
curated-v2-0218,4,positive,0.17473003734217524,0.5819398774614923,0.24333008519633242
curated-v2-0238,4,negative,0.3233298769050753,0.43207106843300963,0.24459905466191523
curated-v2-0245,4,negative,0.5857605901999485,0.2500634955686295,0.16417591423142197
curated-v2-0251,4,neutral,0.1548067518418928,0.4169224498845792,0.4282707982735279
curated-v2-0254,4,neutral,0.6332504062787699,0.19989450623927232,0.1668550874819578
curated-v2-0257,4,neutral,0.14682603004209127,0.30121861361020386,0.5519553563477049
curated-v2-0258,4,neutral,0.25423735105612627,0.26224367874045657,0.4835189702034171
curated-v2-0262,4,negative,0.6254780494366113,0.22939937464642016,0.14512257591696867
curated-v2-0266,4,positive,0.13911066203612585,0.34352553457502794,0.5173638033888462
curated-v2-0269,4,positive,0.3150997192726964,0.28851711036762745,0.3963831703596762
curated-v2-0272,4,positive,0.14590975715811685,0.3352774988791882,0.518812743962695
curated-v2-0277,4,negative,0.6406786170480374,0.20759204438837636,0.1517293385635863
curated-v2-0281,4,positive,0.19847256841520233,0.2938430895133266,0.5076843420714711
curated-v2-0292,4,positive,0.327419239483404,0.25469882270644273,0.4178819378101532
curated-v2-0303,4,negative,0.14791069139978685,0.33608228661620193,0.5160070219840112
curated-v2-0309,4,neutral,0.1503239467795893,0.39726134681683833,0.4524147064035723
curated-v2-0311,4,neutral,0.17227576916758153,0.3559876582970903,0.4717365725353282
curated-v2-0319,4,neutral,0.20145973989718752,0.5739053914199899,0.2246348686828226
curated-v2-0338,4,positive,0.1582761708229197,0.2605077052430861,0.5812161239339941
curated-v2-0339,4,positive,0.1645500865920937,0.31353118835653465,0.5219187250513716
curated-v2-0347,4,neutral,0.1288010059986731,0.30649823094447887,0.564700763056848
curated-v2-0352,4,neutral,0.20010940910178598,0.44428741512093634,0.3556031757772777
curated-v2-0366,4,neutral,0.19683762896400808,0.34661714601540666,0.4565452250205852
curated-v2-0368,4,positive,0.13970014800758432,0.3266017340075501,0.5336981179848657
curated-v2-0379,4,positive,0.12810828526851314,0.30166162393440454,0.5702300907970823
curated-v2-0383,4,neutral,0.42857548187402056,0.3460768028265895,0.22534771529938996
curated-v2-0388,4,neutral,0.4231452555733519,0.4505457629731605,0.12630898145348768
curated-v2-0403,4,negative,0.6792809979475876,0.18385549893338057,0.13686350311903192
curated-v2-0405,4,positive,0.13511227610805465,0.2805602454558635,0.5843274784360818
curated-v2-0410,4,positive,0.14828457916810636,0.2972630452545652,0.5544523755773284
curated-v2-0424,4,negative,0.5396524393280336,0.23312384424300564,0.22722371642896072
curated-v2-0430,4,negative,0.6171213237901986,0.2000566938878627,0.18282198232193878
curated-v2-0431,4,positive,0.17050512420286867,0.310674192615888,0.5188206831812433
curated-v2-0434,4,positive,0.14545923443026054,0.29229073069419936,0.5622500348755402
curated-v2-0440,4,negative,0.6953740867275121,0.1834926412328306,0.12113327203965729
curated-v2-0470,4,positive,0.13489127523117686,0.3062728616981475,0.5588358630706757
curated-v2-0478,4,neutral,0.4754421483770799,0.29273268602440616,0.23182516559851396
curated-v2-0488,4,positive,0.14201343442587844,0.2702188560536895,0.5877677095204321
curated-v2-0492,4,negative,0.6397648454659759,0.2117977754145302,0.1484373791194939
curated-v2-0507,4,positive,0.1610199463768057,0.2733863942365744,0.5655936593866199
curated-v2-0509,4,positive,0.174793819466779,0.3490221632384476,0.47618401729477344
curated-v2-0510,4,positive,0.16963480599783826,0.35041276687133693,0.4799524271308249
curated-v2-0511,4,neutral,0.36295763756633753,0.5118523100711794,0.12519005236248326
curated-v2-0519,4,negative,0.6175699631214794,0.20827895274808855,0.17415108413043207
curated-v2-0528,4,neutral,0.19393119213058954,0.5231849618222134,0.282883846047197
curated-v2-0532,4,negative,0.6657160129928991,0.185088460528085,0.14919552647901602
curated-v2-0543,4,negative,0.6514780317701518,0.2096787682030621,0.13884320002678607
curated-v2-0548,4,negative,0.334122384059554,0.4423937839664783,0.22348383197396762
curated-v2-0557,4,neutral,0.24027975501912702,0.5390386573589816,0.2206815876218915
curated-v2-0562,4,negative,0.21216032108355748,0.3148374821066829,0.4730021968097596
curated-v2-0580,4,neutral,0.14373293057877234,0.3211903947192628,0.5350766747019648
curated-v2-0588,4,negative,0.6104929845191462,0.2210519322547616,0.16845508322609218
curated-v2-0593,4,positive,0.16889050450202073,0.2784193783767624,0.552690117121217
curated-v2-0595,4,positive,0.1539644017871095,0.35745396146274067,0.48858163675015
curated-v2-0597,4,positive,0.6514594738194942,0.18406688087544884,0.16447364530505704
curated-v2-0602,4,neutral,0.19410292795156117,0.2998445168389393,0.5060525552094994
curated-v2-0612,4,negative,0.5630478297413809,0.23658301235961882,0.20036915789900034
curated-v2-0614,4,negative,0.6794554342575541,0.19029710611689402,0.13024745962555184
curated-v2-0615,4,negative,0.47308798408099734,0.34308983467589127,0.18382218124311145
curated-v2-0620,4,neutral,0.19407636398597375,0.3409266112171881,0.4649970247968382
curated-v2-0633,4,positive,0.1737590368176154,0.3026572975365975,0.5235836656457872
curated-v2-0641,4,negative,0.6542979433014542,0.18271508972562636,0.1629869669729194
curated-v2-0650,4,positive,0.19046707134978438,0.28132032712375354,0.5282126015264621
curated-v2-0659,4,negative,0.651938960419614,0.18290279645428043,0.16515824312610564
curated-v2-0675,4,negative,0.475174112503893,0.32045604833728464,0.2043698391588224
curated-v2-0683,4,negative,0.6491696255675276,0.22349965431819055,0.12733072011428184
curated-v2-0693,4,neutral,0.17007232425992466,0.5956431535818933,0.234284522158182
curated-v2-0694,4,negative,0.5888551080883226,0.24317485266445366,0.16797003924722365
curated-v2-0698,4,positive,0.599833558052379,0.22831125024789906,0.17185519169972188
curated-v2-0710,4,negative,0.5760197636240414,0.21367213338800717,0.2103081029879514
curated-v2-0718,4,negative,0.5199168762588486,0.24863800587352808,0.23144511786762328
curated-v2-0726,4,neutral,0.17710931655413995,0.6109703308118718,0.21192035263398837
curated-v2-0736,4,positive,0.18251771021544466,0.30584859488523813,0.5116336948993172
curated-v2-0740,4,negative,0.5142380303881454,0.20454975618168356,0.28121221343017105
curated-v2-0741,4,negative,0.5502759128919845,0.3181255701198393,0.13159851698817615
curated-v2-0742,4,negative,0.6218414716596072,0.216297530980665,0.16186099735972778
curated-v2-0749,4,neutral,0.20216695925066586,0.36172382139637244,0.4361092193529616
curated-v2-0762,4,negative,0.5229145267706637,0.32334023609446677,0.1537452371348695
curated-v2-0769,4,negative,0.397693163810164,0.3109929111599415,0.29131392502989445
curated-v2-0771,4,neutral,0.36251999340012675,0.2635551089683631,0.3739248976315102
curated-v2-0772,4,neutral,0.22409366525761407,0.5970032225978147,0.17890311214457127
curated-v2-0774,4,neutral,0.18026879179187136,0.3268301799850783,0.4929010282230502
curated-v2-0785,4,negative,0.6894197479653907,0.18769623939376076,0.12288401264084846
curated-v2-0787,4,neutral,0.14788369117705294,0.2920982320663208,0.5600180767566263
curated-v2-0788,4,neutral,0.6231097526957703,0.26201982820999203,0.11487041909423773
curated-v2-0793,4,negative,0.570068106254078,0.30248382682594754,0.1274480669199745
curated-v2-0794,4,neutral,0.1869525150499997,0.33832071374370254,0.47472677120629786
curated-v2-0798,4,neutral,0.20501584479621712,0.5703673501634664,0.22461680504031642
curated-v2-0801,4,positive,0.34600946890262063,0.3149658976178544,0.339024633479525
curated-v2-0802,4,positive,0.22849585778225906,0.29481258803150967,0.47669155418623127
curated-v2-0803,4,positive,0.15022112970497337,0.3005610476846428,0.5492178226103839
curated-v2-0804,4,positive,0.17347494052846302,0.33354597520950313,0.4929790842620339
curated-v2-0815,4,neutral,0.5135449228323901,0.32898922818473103,0.15746584898287902
curated-v2-0818,4,neutral,0.4113811567181129,0.37088145306683407,0.21773739021505306
curated-v2-0831,4,neutral,0.3923339723028321,0.34711162226425263,0.26055440543291525
curated-v2-0834,4,neutral,0.43710068698937155,0.347467587080647,0.21543172592998136
curated-v2-0835,4,neutral,0.5035658635757878,0.3724865177481203,0.12394761867609191
curated-v2-0837,4,neutral,0.2955717790343885,0.39399029033876515,0.31043793062684644
curated-v2-0842,4,neutral,0.14961922295765967,0.32251832594008617,0.5278624511022542
curated-v2-0861,4,negative,0.6913002270233687,0.1768915975930345,0.13180817538359688
curated-v2-0863,4,negative,0.6145058928148683,0.22082731556942975,0.16466679161570189
curated-v2-0865,4,negative,0.6859665331749659,0.18794532699924493,0.12608813982578912
curated-v2-0867,4,negative,0.3196694338384453,0.5170095614241691,0.1633210047373856
curated-v2-0870,4,negative,0.6379134433834661,0.20146480776397394,0.16062174885255992
curated-v2-0876,4,negative,0.6695352828118513,0.19772107027027455,0.13274364691787405
curated-v2-0878,4,neutral,0.5569524560533085,0.268307362786857,0.17474018115983456
curated-v2-0879,4,neutral,0.17740410773522472,0.46523448762583264,0.35736140463894256
curated-v2-0885,4,neutral,0.17588479964073875,0.34179013522436313,0.48232506513489826
curated-v2-0886,4,neutral,0.22897399628770132,0.42955888547054305,0.34146711824175563
curated-v2-0899,4,positive,0.16259161516020618,0.31816410785326865,0.5192442769865251
